{
	"tileGroups":	[
		{
			"name":	"Standard",
			"objects":	[
				{
					"name":	"Bush",
					"hcount":	2,
					"vcount":	2,
					"tiles":	["gA wA ", "gB wB "]
				}, 
				{
					"name":	"Rooshe",
					"hcount":	2,
					"vcount":	2,
					"tiles":	["eAb eQb ", "eAc eQc "]
				}, 
				{
					"name":	"KubolSprout",
					"hcount":	2,
					"vcount":	2,
					"tiles":	["fgH fwH ", "fgI fwI "]
				}, 
				{
					"name":	"Sign",
					"hcount":	2,
					"vcount":	2,
					"tiles":	["EAA EQA ", "EAB EQB "]
				}, 
				{
					"name":	"InsideSign",
					"hcount":	2,
					"vcount":	2,
					"tiles":	["KAW KQW ", "KAX KQX "]
				}, 
				{
					"name":	"Stone",
					"hcount":	2,
					"vcount":	2,
					"tiles":	["gC wC ", "gD wD "]
				}, 
				{
					"name":	"PushStone",
					"hcount":	2,
					"vcount":	2,
					"tiles":	["NAO NQO ", "NAP NQP "]
				}, 
				{
					"name":	"PullStone",
					"hcount":	2,
					"vcount":	2,
					"tiles":	["Pgc Pwc ", "Pgd Pwd "]
				}, 
				{
					"name":	"PushPullStone",
					"hcount":	2,
					"vcount":	2,
					"tiles":	["NAO Pwc ", "Pgd NQP "]
				}, 
				{
					"name":	"Tree",
					"hcount":	8,
					"vcount":	10,
					"tiles":	["Pwf CQA CgA CwA DAA DQA DgA Pwf ", "CAB CQB CgB CwB DAB DQB DgB DwB ", "CAC CQC CgC CwC DAC DQC DgC DwC ", "CAD CQD CgD CwD DAD DQD DgD DwD ", "CAE CQE CgE CwE DAE DQE DgE DwE ", "CAF CQF CgF CwF DAF DQF DgF DwF ", "CAG CQG CgG CwG DAG DQG DgG DwG ", "CAH CQH CgH CwH DAH DQH DgH DwH ", "Pwf CQI CgI CwI DAI DQI DgI Pwf ", "Pwf Pwf CgJ CwJ DAJ DQJ Pwf Pwf "]
				}, 
				{
					"name":	"RedTree",
					"hcount":	8,
					"vcount":	10,
					"tiles":	["Hwf IQI IgI IwI JAI JQI JgI Hwf ", "IAJ IQJ IgJ IwJ JAJ JQJ JgJ JwJ ", "IAK IQK IgK IwK JAK JQK JgK JwK ", "IAL IQL IgL IwL JAL JQL JgL JwL ", "IAM IQM IgM IwM JAM JQM JgM JwM ", "IAN IQN IgN IwN JAN JQN JgN JwN ", "CAG IQO IgO IwO JAO JQO JgO DwG ", "CAH CQH CgH JQb Jgb DQH DgH DwH ", "Hwf CQI CgI CwI DAI DQI DgI Pwf ", "Hwf Hwf CgJ CwJ DAJ DQJ Pwf Pwf "]
				}, 
				{
					"name":	"GoldTree",
					"hcount":	8,
					"vcount":	10,
					"tiles":	["Hwf IQP IgP IwP JAP JQP JgP Hwf ", "IAQ IQQ IgQ IwQ JAQ JQQ JgQ JwQ ", "IAR IQR IgR IwR JAR JQR JgR JwR ", "IAS IQS IgS IwS JAS JQS JgS JwS ", "IAT IQT IgT IwT JAT JQT JgT JwT ", "IAU IQU IgU IwU JAU JQU JgU JwU ", "CAG IQV IgV IwV JAV JQV JgV DwG ", "CAH CQH CgH JQc Jgc DQH DgH DwH ", "Hwf CQI CgI CwI DAI DQI DgI Pwf ", "Hwf Hwf CgJ CwJ DAJ DQJ Pwf Pwf "]
				}, 
				{
					"name":	"House",
					"hcount":	13,
					"vcount":	14,
					"tiles":	["E QE gE wE wE wE wE wE wE BQE BgE BwE Dwf ", "F QF gF wF BAF BAF BAF BAF wF BQF QF BwF gH ", "F QF gF BAF BAF BAF BAF BAF BAF BQF QF BwF gI ", "F QF gF BAF BAF BAF BAF BAF BAF BQF QF BwF gI ", "F QF gF BAF BAF BAF BAF BAF BAF BQF QF BwF gI ", "F QF gF wF BAF BAF BAF BAF wF BQF QF BwF gI ", "F QG gG wG wG wG wG wG wG BgF BAK BQK gI ", "F QH QF QF QF QF QF QF QF QF BAL BQK gI ", "I QI QF QF BAG BQG BgG BwG QF QF BAM BQM gI ", "J QJ QJ QJ BAH BQH BgH BwH QJ QJ QJ wH gI ", "K QK gK wK BAI BQI BgI BwI QK gK wK wI gI ", "L QL gL wL BAJ BQJ BgJ BwJ QL gL wL wJ gJ ", "Pwf Pwf Pwf Pwf BAE D QD BAE Pwf Pwf Pwf Pwf Pwf ", "Pwf Pwf Pwf Pwf D QD D QD Pwf Pwf Pwf Pwf Pwf "]
				}, 
				{
					"name":	"Swamp",
					"hcount":	2,
					"vcount":	2,
					"tiles":	["BAa BQa ", "BAb BQb "]
				}, 
				{
					"name":	"Stone2",
					"hcount":	2,
					"vcount":	2,
					"tiles":	["Hgd Hwd ", "Hge Hwe "]
				}, 
				{
					"name":	"Hole",
					"hcount":	2,
					"vcount":	2,
					"tiles":	["OgS OwS ", "OgT OwT "]
				}, 
				{
					"name":	"PlatformNorth",
					"hcount":	2,
					"vcount":	4,
					"tiles":	["DgJ DwJ ", "DgK DwK ", "DgL DwL ", "CAK CAK "]
				}, 
				{
					"name":	"PlatformNorthWest",
					"hcount":	6,
					"vcount":	6,
					"tiles":	["Dwf Dwf Dwf Dwf BgM DgJ ", "Dwf Dwf Dwf P BgN DgK ", "Dwf Dwf P QP gP wP ", "Dwf P QP gP wP BAP ", "P QP gP wP BAP BQP ", "QP gP wP BAP BQP Dwf "]
				}, 
				{
					"name":	"PlatformNorthEast",
					"hcount":	6,
					"vcount":	6,
					"tiles":	["DwJ DQM Dwf Dwf DAR DAQ ", "DwK DQN BQQ Dwf Dwf DAR ", "gQ wQ BAQ BQQ Dwf Dwf ", "QQ gQ wQ BAQ BQQ Dwf ", "Q QQ gQ wQ BAQ BQQ ", "Dwf Q QQ gQ wQ BAQ "]
				}, 
				{
					"name":	"PlatformEast",
					"hcount":	4,
					"vcount":	2,
					"tiles":	["R QR gR wR ", "R QS gS wS "]
				}, 
				{
					"name":	"PlatformWest",
					"hcount":	4,
					"vcount":	2,
					"tiles":	["gN wN BAN BQN ", "gO wO BAO BQN "]
				}, 
				{
					"name":	"PlatformSouth",
					"hcount":	2,
					"vcount":	6,
					"tiles":	["CQK CQK ", "CQL CgL ", "CQM CgM ", "CQN CgN ", "CQO CgO ", "CQP CgP "]
				}, 
				{
					"name":	"PlatformEntry West",
					"hcount":	3,
					"vcount":	8,
					"tiles":	["Dwf DAO DQO ", "DAO DAP DQP ", "DAP DAK DQK ", "CwL DAL DQL ", "CwM DAM Pwf ", "CwN DAN Pwf ", "CwO Dwf Pwf ", "CwP Dwf Pwf "]
				}, 
				{
					"name":	"PlatformEntry East",
					"hcount":	3,
					"vcount":	8,
					"tiles":	["BgO BwO Dwf ", "BgP BwP BwO ", "BgK BwK BwP ", "BgL BwL CAL ", "Pwf BwM CAM ", "Pwf BwN CAN ", "Pwf Dwf CAO ", "Pwf Dwf CAP "]
				}, 
				{
					"name":	"DesertPlatformNorth",
					"hcount":	2,
					"vcount":	6,
					"tiles":	["DgJ DwJ ", "DwI DwI ", "DgK DwK ", "CAJ CQJ ", "DgL DwL ", "CgK CgK "]
				}, 
				{
					"name":	"DesertPlatformWest",
					"hcount":	6,
					"vcount":	2,
					"tiles":	["gN wN BAR wN BAN CgK ", "gO wO BAS wO BAO CgK "]
				}, 
				{
					"name":	"DesertPlatformEast",
					"hcount":	6,
					"vcount":	2,
					"tiles":	["CgK QR gR Cga gR wR ", "CgK QS gS Cgb gS wS "]
				}, 
				{
					"name":	"BigStone",
					"hcount":	4,
					"vcount":	4,
					"tiles":	["gW wW BAW BQW ", "gX wX BAX BQX ", "gY wY BAY BQY ", "gZ wZ BAZ BQZ "]
				}, 
				{
					"name":	"PlatformSouthEdges",
					"hcount":	10,
					"vcount":	6,
					"tiles":	["W QW CAL DQX CgK CgK DgX CwL DgM wR ", "X CAN QX CAL CQL CgL CwL DgN CwN DwN ", "Z Y QY CAM CQM CgM CwM DgO DwO DwX ", "Dwf Z QZ CAN CQN CgN CwN DgP DwX Dwf ", "Dwf Dwf Z Y CQO CgO DwO DwX Dwf Dwf ", "Dwf Dwf Dwf Z CQP CgP DwX Dwf Dwf Dwf "]
				}, 
				{
					"name":	"JuleNW",
					"hcount":	3,
					"vcount":	2,
					"tiles":	["egY ewZ fAZ ", "egZ ewa fAa "]
				}, 
				{
					"name":	"JuleNE",
					"hcount":	3,
					"vcount":	2,
					"tiles":	["fwZ fAX fgZ ", "fwa fAY fga "]
				}, 
				{
					"name":	"JuleSW",
					"hcount":	3,
					"vcount":	3,
					"tiles":	["egc ewd fAd ", "egd ewe fAe ", "Pwf ewf fAf "]
				}, 
				{
					"name":	"JuleSE",
					"hcount":	3,
					"vcount":	3,
					"tiles":	["fwd fQX ewX ", "fwe fQY ewY ", "fwf egX Pwf "]
				}, 
				{
					"name":	"JuleNorth",
					"hcount":	2,
					"vcount":	2,
					"tiles":	["fQb fgb ", "fQc fgc "]
				}, 
				{
					"name":	"JuleSouth",
					"hcount":	2,
					"vcount":	3,
					"tiles":	["fQd fgd ", "fQe fge ", "fQf fgf "]
				}, 
				{
					"name":	"JuleEast",
					"hcount":	3,
					"vcount":	2,
					"tiles":	["fwc fQa fgY ", "fwb fQZ fgX "]
				}, 
				{
					"name":	"JuleWest",
					"hcount":	3,
					"vcount":	2,
					"tiles":	["ega ewb fAb ", "ega ewb fAb "]
				}, 
				{
					"name":	"JuleINW",
					"hcount":	3,
					"vcount":	2,
					"tiles":	["fQV fgV fwY ", "fQW fgW CgK "]
				}, 
				{
					"name":	"JuleINE",
					"hcount":	3,
					"vcount":	2,
					"tiles":	["egW ewV fAV ", "CgK ewW fAW "]
				}, 
				{
					"name":	"JuleISW",
					"hcount":	3,
					"vcount":	3,
					"tiles":	["fwU fwV CgK ", "fAT fwW CgK ", "fAU fQU fwX "]
				}, 
				{
					"name":	"JuleISE",
					"hcount":	3,
					"vcount":	3,
					"tiles":	["CgK fQT fgU ", "CgK egT ewT ", "egV egU ewU "]
				}, 
				{
					"name":	"BomyStatue",
					"hcount":	3,
					"vcount":	3,
					"tiles":	["ewG fAG fQG ", "ewH fAH fQH ", "ewI fAI fQI "]
				}, 
				{
					"name":	"Statue",
					"hcount":	4,
					"vcount":	6,
					"tiles":	["a Qa ga wa ", "b Qb gb wb ", "c Qc gc wc ", "d Qd gd wd ", "e Qe ge we ", "f Qf gf wf "]
				}, 
				{
					"name":	"Stake",
					"hcount":	2,
					"vcount":	2,
					"tiles":	["CgU CwU ", "CgV CwV "]
				}, 
				{
					"name":	"Slab",
					"hcount":	6,
					"vcount":	8,
					"tiles":	["Dwf DwU DAU DQU DAW Dwf ", "DwU DwV DAV DQV CwW DAW ", "DgV DQV DwW DQV DwW DQW ", "CQa CgW DQV DgW DQV DQW ", "CgY CgX CgW DQV DwW DQW ", "Dwf CgY CgX CgW DQV DQW ", "Dwf Dwf CgY CgX CwX DAX ", "Dwf Dwf Dwf CgY CwY DAY "]
				}, 
				{
					"name":	"StonePlatform",
					"hcount":	4,
					"vcount":	4,
					"tiles":	["PAU PQU PgU PwU ", "PAV PQV PgV PwV ", "PAW PQW PgW PwW ", "PAX PQX PgX PwX "]
				}, 
				{
					"name":	"GrassWaterHole",
					"hcount":	6,
					"vcount":	5,
					"tiles":	["Pwf Bgb BAc BQc Bwd Dwf ", "Bgb Bgc DgY DgY Bwe Bwd ", "BAe DgY BQf BAf DgY Cwb ", "Bga BgZ DgY DgY Bwb Bwc ", "Dwf Bga Bgf Bwf Bwc Dwf "]
				}, 
				{
					"name":	"GrassHole",
					"hcount":	6,
					"vcount":	5,
					"tiles":	["Dwf BgX BgW BwW BwX Pwf ", "BgX BgY CwK DQS BwY BwX ", "Bwa DQS CwK DQS CgK BwZ ", "CAY CQY DQS DQS CAW CQW ", "Dwf CAY CAX CQX CQW Dwf "]
				}, 
				{
					"name":	"DeepWater",
					"hcount":	4,
					"vcount":	4,
					"tiles":	["CAc CAd CQd DwY ", "CAa wU BAU CwZ ", "CAb gU gV Cwa ", "CQc CAZ CQZ CQb "]
				}, 
				{
					"name":	"WaterStone",
					"hcount":	2,
					"vcount":	2,
					"tiles":	["BQd Bgd ", "BQe Bge "]
				}, 
				{
					"name":	"GrassSand",
					"hcount":	7,
					"vcount":	7,
					"tiles":	["Pwf Pwf DwT CQK CwR Pwf Pwf ", "Dwf DwT CAT CgK CwQ CwR Dwf ", "DwT CAT CwK CwK CgK CwQ CwR ", "R CgK CAA DQS CwK CgK BQN ", "DAR DAQ DQS DwA CwK DQQ DQR ", "Dwf DAR DAQ CgK DQQ DQR Dwf ", "Dwf Dwf DAR CAK DQR Dwf Dwf "]
				}, 
				{
					"name":	"GrassWayHorizontal",
					"hcount":	4,
					"vcount":	2,
					"tiles":	["R CgK CgK BQN ", "R CgK CgK BQN "]
				}, 
				{
					"name":	"GrassWayVertical",
					"hcount":	2,
					"vcount":	4,
					"tiles":	["CQK CQK ", "CgK CgK ", "CgK CgK ", "CAK CAK "]
				}, 
				{
					"name":	"Grave",
					"hcount":	4,
					"vcount":	4,
					"tiles":	["JgC JwC KAC KQC ", "JgD JwD KAD KQD ", "JgE JwE KAE KQE ", "JgF JwF KAF KQF "]
				}, 
				{
					"name":	"GraveYardGround",
					"hcount":	2,
					"vcount":	2,
					"tiles":	["KwA LAA ", "KwB LAB "]
				}, 
				{
					"name":	"Pillar",
					"hcount":	2,
					"vcount":	4,
					"tiles":	["IAD IQD ", "IAE IQE ", "IAF IQF ", "IAG IQG "]
				}, 
				{
					"name":	"StoneFences",
					"hcount":	2,
					"vcount":	2,
					"tiles":	["KQA KgA ", "KQB KgB "]
				}, 
				{
					"name":	"StoneDoor",
					"hcount":	2,
					"vcount":	3,
					"tiles":	["IgD IwD ", "IgE IwE ", "IgF IwF "]
				}, 
				{
					"name":	"TreeStump",
					"hcount":	4,
					"vcount":	4,
					"tiles":	["BAA BQA BgA BwA ", "BAB BQB BgB BwB ", "BAC BQC BgC BwC ", "BAD BQD BgD BwD "]
				}, 
				{
					"name":	"FiveStones",
					"hcount":	4,
					"vcount":	4,
					"tiles":	["BgU BwU BgU BwU ", "BgV CAU CQU BwV ", "BgU CAV CQV BwU ", "BgV BwV BgV BwV "]
				}, 
				{
					"name":	"Cathedral",
					"hcount":	16,
					"vcount":	12,
					"tiles":	["LQA LgA LwA MAA LQB LgB LQB LgB MQA MgA MQA MgA MwA NAA NQA NgA ", "LQA LgA LwA MAA LQB LgB LQB LgB MQA MgA MQA MgA MwA NAA NQA NgA ", "LQA LgA LwA MAA LQB LgB LwB MAB MQB MgB MQA MgA MwA NAA NQA NgA ", "LQA LgA LwA MAA LQB LgC LwC MAC MQC MgC MwB MgA MwA NAA NQA NgA ", "LQA LgA LwA MAA LQD LgD LwD MAD MQD MgD MwC NAC MwA NAA NQA NgA ", "LQA LgA LAC KwD LQE LgE LwE MAE MAE MgE MwD NAD NQB LQC NQA NgA ", "KgD KwD LAD KwE LQF LgF LwF MAF MQF MgF MwE NAE NQC NAB NQB NgB ", "KgE KwE LAE GAH LQG LgG LwG MAG MQG MgG MwF NAF GAH MQE NQC NgC ", "KgF KwF LAF LAI LQH LgH LwH MAH MQH MgH MwG NAG KwF LAF LAI NQD ", "KgG KwG LAG LAJ LQI LgI LwI MAI MQI MgI LQI LgI KwG LAG LAJ NQE ", "KgH KwH LAH LAK LQJ LgJ LwJ MAJ MQJ LwJ LQJ LgJ KwH LAH LAK NQF ", "Hwf Hwf Hwf Hwf LQK LgK LwJ MAJ MQJ LwJ LQK LgK Hwf Hwf Hwf Hwf "]
				}, 
				{
					"name":	"WaterNorth",
					"hcount":	2,
					"vcount":	9,
					"tiles":	["HgI HwI ", "HgJ HwJ ", "CQL CgL ", "CQM CgM ", "CQN CgN ", "CQO CgO ", "HgC HwC ", "HgD HwD ", "HgE HwE "]
				}, 
				{
					"name":	"WaterNorthEast",
					"hcount":	8,
					"vcount":	11,
					"tiles":	["GQD Hwf Hwf Hwf Hwf Hwf Hwf Hwf ", "GAD GQD Hwf Hwf Hwf Hwf Hwf Hwf ", "FwD GAD GQD Hwf Hwf Hwf Hwf Hwf ", "CAL FwD GAD GQD Hwf Hwf Hwf Hwf ", "QX CAL FwD GAD GQD Hwf Hwf Hwf ", "QY CAM CAL FwD GAD GQD Hwf Hwf ", "QZ CAN QX CAL FwD GAD GQD Hwf ", "FgD Y QY CAM CAL FwD GAD GQD ", "FQD FgD QZ CAN QX CAL FwD GAD ", "FAD FQD FgD Y QY DQY EwD HQG ", "gU FAD FQD FgD QZ EgE EwE HQH "]
				}, 
				{
					"name":	"WaterEast",
					"hcount":	6,
					"vcount":	2,
					"tiles":	["DQc Dgc Dwc EgD EwD HQG ", "DQd Dgd Dwd EgE EwE HQH "]
				}, 
				{
					"name":	"WaterNorthWest",
					"hcount":	8,
					"vcount":	10,
					"tiles":	["Hwf Pwf Pwf Pwf Pwf Pwf Pwf DAO ", "Hwf Pwf Pwf Pwf Pwf Hwf DAO DAP ", "Pwf Pwf Pwf Pwf Pwf DAO DAP CwL ", "Pwf Pwf Pwf Hwf DAO DAP CwL DgN ", "Pwf Pwf Pwf DAO DAP CwL CwM DgO ", "Pwf Hwf DAO DAP CwL DgN CwN DgP ", "Hwf DAO DAP CwL CwM DgO DwO BgS ", "DAO DAP CwL DgN CwN DgP BgS BwS ", "R QR BwT DgO DwO BgS BwS CAS ", "R QS gS DgP BgS BwS CAS gU "]
				}, 
				{
					"name":	"WaterEast",
					"hcount":	6,
					"vcount":	2,
					"tiles":	["BgQ QR gR BwQ CAQ CQQ ", "BgR QS gS BwR CAR CQR "]
				}, 
				{
					"name":	"WaterStairs",
					"hcount":	4,
					"vcount":	6,
					"tiles":	["EAM EQM EgM EwM ", "EAM EQM EgM EwM ", "EAM EQM EgM EwM ", "EAN EQN EgN EwN ", "EAO EQO EgO EwO ", "EAP EQP EgP EwP "]
				}, 
				{
					"name":	"WaterNorthEast2",
					"hcount":	7,
					"vcount":	4,
					"tiles":	["DQd Dgd Dwd EgE EwE HQH GQD ", "DQc Dgc Dwc DQa CAL FwD GAD ", "DQd Dgd Dwd CAN QX CAL FwD ", "FAD FQD FgD Y QY CAM CAL "]
				}, 
				{
					"name":	"WaterSouth",
					"hcount":	2,
					"vcount":	6,
					"tiles":	["DgQ DwQ ", "DgR DwR ", "DgS DwS ", "DgL DwL ", "CQS CgS ", "CQT CgT "]
				}, 
				{
					"name":	"WaterSouthWest",
					"hcount":	2,
					"vcount":	9,
					"tiles":	["wT gU ", "gT wT ", "QT gT ", "wQ QT ", "gQ wQ ", "T gQ ", "CgQ T ", "CgR CgQ ", "Hwf CgR "]
				}, 
				{
					"name":	"WaterSouthEast",
					"hcount":	7,
					"vcount":	7,
					"tiles":	["HAc HQc HQb gP wP IAA IAB ", "HQc HQb gP wP IAA IAB IAC ", "HQb gP wP IAA IAB IAC Pwf ", "gP wP IAA IAB IAC Pwf Pwf ", "DgL IAA IAB IAC Pwf Pwf Pwf ", "CQS IAB IAC Pwf Pwf A QA ", "CQT IAC Pwf Pwf Pwf Pwf Pwf "]
				}, 
				{
					"name":	"DesertPillar",
					"hcount":	6,
					"vcount":	8,
					"tiles":	["CgK CgK CgK CgK CgK CgK ", "CgK DAc Dge Dwe HQD CgK ", "DAc DAe DgZ DwZ HQE HQD ", "DAd gP HAd HQd wQ HQF ", "DAa QW HAe HQe DgM DwM ", "DAb CAN CQN CgN CwN DwN ", "DAZ Y CQO CgO DwO DwP ", "CgK DAZ wV BAV DwP CgK "]
				}, 
				{
					"name":	"BridgeHorizontal",
					"hcount":	14,
					"vcount":	13,
					"tiles":	["IgA IwA JAA JAA JAA JAA JAA JAA JAA JAA JAA JAA JAA JQA ", "IgB IwB JAB JAB JAB IwB JAB JAB IwB JAB JAB JAB IwB JQB ", "IQC JAD JAD JAD JAD JAD JAD JAD JAD JAD JAD JAD JAD JQC ", "IQC JAD JAD JAD JAD JAD JAD JAD JAD JAD JAD JAD JAD JQC ", "IQC JAD JAD JAD JAD JAD JAD JAD JAD JAD JAD JAD JAD JQC ", "IQC JAD JAD JAD JAD JAD JAD JAD JAD JAD JAD JAD JAD JQC ", "IQC JAD JAD JAD JAD JAD JAD JAD JAD JAD JAD JAD JAD JQC ", "JAE IwA JAA JAA JAA IwA JAA IwA IwA JAA JAA JAA IwA JQE ", "IgC IwC JAC JAC JAC IwC JAC JAC IwC JAC JAC JAC IwC JgA ", "HQI QS gS JwA KAA JwA KAA JwA KAA JwA KAA EgE EwE JQF ", "BgQ QR gR BwQ CAQ CQQ HgD HwD DQc Dgc Dwc EgD EwD HQG ", "BgR QS gS BwR CAR CQR Dga Dwa DQd Dgd Dwd EgE EwE HQH ", "HAI QR gR BwQ CAQ CQQ BQe Bge DQc Dgc Dwc EgD EwD HQG "]
				}, 
				{
					"name":	"BridgeVertical",
					"hcount":	14,
					"vcount":	10,
					"tiles":	["EAC EQC Hwf Hwf Hwf Hwf Hwf Hwf Hwf Hwf Hwf Hwf EAC EQC ", "EAD EQD EgA FAA EwA GAA HAA HQA FAA FwA GAA FwA EAD EQD ", "EAE EQE EgA EwA FgA FQA HgA HwA GQA FgA FwA GAA EAE EQE ", "EAE EQE EgA FAA FQA FgA HgB HwB FgA GQA GAA FwA EAE EQE ", "EAE EQE EgA FQA FgA FgA GgA GwA FgA FgA GQA GAA EAE EQE ", "EAE EQE EgA FAA FQA FgA HAA HQA FgA GQA FgA FwA EAE EQE ", "EAE EQE EgA EwA FgA FQA HgA HwA GQA FgA FwA GAA EAE EQE ", "EAF EQF EgA FAA FQA FgA HgB HwB FgA GQA GAA FwA EAF EQF ", "EAG EQG EgA EwA FAA EwA HAA HQA FwA GAA FwA GAA EAG EQG ", "EAH EQH Hwf Hwf Hwf Hwf Hwf Hwf Hwf Hwf Hwf Hwf EAH EQH "]
				}, 
				{
					"name":	"CaveEntry",
					"hcount":	4,
					"vcount":	4,
					"tiles":	["FwG GAG GQG GgG ", "FwH GAH GAH GgH ", "FwI GAH GAH GgI ", "FwJ GAJ GQJ GgJ "]
				}, 
				{
					"name":	"Waterfalls",
					"hcount":	10,
					"vcount":	6,
					"tiles":	["MgJ MwJ MgJ MwJ MgJ MwJ MgJ MwJ MgJ MwJ ", "IgG IwG JAG IwG JAG IwG JAG IwG JAG IwH ", "JQG JgG JwG KAG JwG KAG JwG KAG JAH JQH ", "gS KQG JwG KAG JwG KAG JwG KAG JgH wO ", "gR IAH IQH IgH IQH IgH IQH IgH JwH wN ", "gS BwR CAR CQR JwB KAB DQd Dgd Dwd wO "]
				}, 
				{
					"name":	"SkullHouse",
					"hcount":	13,
					"vcount":	14,
					"tiles":	["E QE gE wE wE wE wE wE wE BQE BgE BwE Pwf ", "F QF gF wF BAF BAF BAF BAF wF BQF QF BwF gH ", "F QF gF BAF BAF BAF BAF BAF BAF BQF QF BwF gI ", "F QF gF BAF BAF BAF BAF BAF BAF BQF QF BwF gI ", "F QF gF BAF BAF BAF BAF BAF BAF BQF QF BwF gI ", "F QF gF wF BAF BAF BAF BAF wF BQF QF BwF gI ", "F QG gG wG NgD NwD OAD OQD wG BgF BAK BQK gI ", "F QH QF QF NgE NwE OAE OQE QF QF BAL BQK gI ", "I QI QF QF BAG BQG BgG BwG QF QF BAM BQM gI ", "J QJ QJ QJ BAH BQH BgH BwH QJ QJ QJ wH gI ", "EgK EwK EwK EwK BAI HQB HQB BwI EwK EwK EwK FAK gI ", "EgL EwL EAI EQI BAJ HQC HQC BwJ EAI EQI EwL FAL gJ ", "Pwf Pwf EAJ EQJ BAE D QD BAE EAJ EQJ Pwf Pwf Pwf ", "Pwf Pwf EAK EQK D QD D QD EAK EQK Pwf Pwf Pwf "]
				}, 
				{
					"name":	"ChimneyHouse",
					"hcount":	13,
					"vcount":	12,
					"tiles":	["NwA OAA OAA OAA OAA OAA OAA OAA OAA OAA OAA OQA Hwf ", "NwB OAB PAH PQH PgH PwH OAB OAB OAB OAB OAB OQB gH ", "NwB OAB PAI PQI PgI PwI OAB OAB OAB OAB OAB OQB gI ", "NwB OAB PAJ PQJ PgJ PwJ OAB OAB OAB OAB OAB OQB gI ", "NwB OAB OAB OAB OAB OAB OAB OAB OAB OAB OAB OQB gI ", "NwB OAB OAB OAB OAB OAB OAB OAB OAB OAB OAB OQB gI ", "NwB OAB OAB OAB PAA PQA PgA PwA OAB OAB OAB OQB gI ", "OgA PAB PAB PAB BAH BQH BgH BwH PAB PAB PAB OwA gI ", "EgK EwK EwK EwK BAI BQI BgI BwI MwH MwH MwH FAK gI ", "EgL EwL EwL EwL BAJ BQJ BgJ BwJ MwI MwI MwI FAL gJ ", "Hwf Hwf Pwf Pwf BAE D QD BAE Pwf Pwf Pwf Pwf Pwf ", "Hwf Hwf Pwf Pwf D QD D QD Pwf Pwf Pwf Pwf Pwf "]
				}, 
				{
					"name":	"Well",
					"hcount":	4,
					"vcount":	4,
					"tiles":	["OQG OQH OgH OwH ", "OQI GAH GAH OwI ", "OQI GAH GAH OwI ", "OgI OQJ OgJ OwJ "]
				}, 
				{
					"name":	"WateringPlace",
					"hcount":	4,
					"vcount":	3,
					"tiles":	["OwE PAE PQE PgE ", "OwF PAF PQF PgF ", "OwG PAG PQG PgG "]
				}, 
				{
					"name":	"TreeHouse",
					"hcount":	8,
					"vcount":	12,
					"tiles":	["KAL KQL KgL KgL KwL KwL LAL LQL ", "KAM QF KQM KgM KwM LAM QF LQM ", "F QF KQN KgN KwN LAN QF BwF ", "F QF KQO KgO KwO LAO QF BwF ", "F KQP KgP KwP LAP LQN LgN BwF ", "KAQ KQQ KgQ KwQ LAQ LQO LgO LgL ", "KAR KQR BAH BQH BgH BwH KgR KwR ", "KAS KQS BAI BQI BgI BwI KgS KwS ", "CAG KAN BAJ BQJ BgJ BwJ LgM DwG ", "CAH CQH CgH KQK KgK DQH DgH DwH ", "Pwf CQI CgI JwO KAO DQI DgI Pwf ", "Pwf Pwf CgJ JwP KAP DQJ Pwf Pwf "]
				}, 
				{
					"name":	"GreenFences",
					"hcount":	6,
					"vcount":	3,
					"tiles":	["MgK MQK MQK MQK MQK MwK ", "MgM MQL MQL MQL MQL MwM ", "MgN MQM MQM MQM MQM MwN "]
				}, 
				{
					"name":	"BlueHouse",
					"hcount":	13,
					"vcount":	12,
					"tiles":	["IAW IQW IgW IwW IwW IwW IwW IwW IwW JQW JgW JwW Hwf ", "IAX IQX IgX IwX JAX JAX JAX JAX IwX JQX IQX IQZ gH ", "IAX IQX IgX JAX JAX JAX JAX JAX JAX JQX IQX IQZ gI ", "IAX IQX IgX IwX JAX JAX JAX JAX IwX JQX IQX IQZ gI ", "IAX IQY IgY IwY IwY IwY IwY IwY IwY JgX IAY IQZ gI ", "IAX IgZ IQX IQX IQX IQX IQX IQX IQX IQX IAZ IQZ gI ", "IAV Iga IQX IQX JAY JQY JgY JwY IQX IQX IAa IQa gI ", "J QJ QJ QJ BAH BQH BgH BwH QJ QJ QJ wH gI ", "K QK gK wK BAI BQI BgI BwI QK gK wK wI gI ", "L QL gL wL BAJ BQJ BgJ BwJ QL gL wL wJ gJ ", "Hwf Hwf Hwf Hwf BAE D QD BAE Hwf Hwf Hwf Hwf Hwf ", "Hwf Hwf Hwf Hwf D QD D QD Hwf Hwf Hwf Hwf Hwf "]
				}, 
				{
					"name":	"VillageWayHorizontal",
					"hcount":	6,
					"vcount":	2,
					"tiles":	["PwG PwF OQK OgK OwL PwG ", "PwG PwE OQL OgL OwK PwG "]
				}, 
				{
					"name":	"VillageWayVertical",
					"hcount":	2,
					"vcount":	6,
					"tiles":	["PwG PwG ", "OwK PwE ", "OQK OgK ", "OQL OgL ", "OwL PwF ", "PwG PwG "]
				}, 
				{
					"name":	"BlueBarrel",
					"hcount":	2,
					"vcount":	3,
					"tiles":	["LwK MAK ", "LwL MAL ", "LwM MAM "]
				}, 
				{
					"name":	"RedLittle Tree",
					"hcount":	4,
					"vcount":	4,
					"tiles":	["PAO PQO PgO PwO ", "PAP PQP PgP PwP ", "PAQ PQQ PgQ PwQ ", "PAN PQN PgN PwN "]
				}, 
				{
					"name":	"GreenLittle Tree",
					"hcount":	4,
					"vcount":	4,
					"tiles":	["PAK PQK PgK PwK ", "PAL PQL PgL PwL ", "PAM PQM PgM PwM ", "PAN PQN PgN PwN "]
				}, 
				{
					"name":	"Carpet+Vases",
					"hcount":	11,
					"vcount":	6,
					"tiles":	["LwN MAN MAN MAN MAN MAN MAN MAN MAN MAN MQN ", "LwO LQP LgP LQP LgP MAO MAO MAO MAO MAO MQO ", "LwO LQQ LgQ LQQ LgQ MAO MAO MAO MAO MAO MQO ", "LwO LQP LgP LQP LgP MAO MAO MAO MAO MAO MQO ", "LwO LQQ LgQ LQQ LgQ MAO MAO MAO MAO MAO MQO ", "LwP MAP MAP MAP MAP MAP MAP MAP MAP MAP MQP "]
				}, 
				{
					"name":	"Letterbox",
					"hcount":	2,
					"vcount":	3,
					"tiles":	["IAb IQb ", "IAc IQc ", "IAd IQd "]
				}, 
				{
					"name":	"AlienGround",
					"hcount":	2,
					"vcount":	2,
					"tiles":	["QAC QQC ", "QAD QQD "]
				}, 
				{
					"name":	"AlienCrystal",
					"hcount":	2,
					"vcount":	2,
					"tiles":	["QAA QQA ", "QAB QQB "]
				}, 
				{
					"name":	"AlienPipe",
					"hcount":	2,
					"vcount":	2,
					"tiles":	["QAE QQE ", "QAF QQF "]
				}, 
				{
					"name":	"MineTop",
					"hcount":	2,
					"vcount":	3,
					"tiles":	["SQA SgA ", "SQB SgB ", "SQC SgC "]
				}, 
				{
					"name":	"MineLeft",
					"hcount":	3,
					"vcount":	2,
					"tiles":	["RAB RQB RgB ", "RAC RQC RgC "]
				}, 
				{
					"name":	"MineBottom",
					"hcount":	2,
					"vcount":	3,
					"tiles":	["RwA SAA ", "RwB SAB ", "RwC SAC "]
				}, 
				{
					"name":	"MineRight",
					"hcount":	3,
					"vcount":	2,
					"tiles":	["SwA TAA TQA ", "SwB TAB TQB "]
				}, 
				{
					"name":	"MineLeftTop",
					"hcount":	3,
					"vcount":	3,
					"tiles":	["RAC SQA SgA ", "RAB RgA SgB ", "RAC RQC RgC "]
				}, 
				{
					"name":	"MineRightTop",
					"hcount":	3,
					"vcount":	3,
					"tiles":	["SQA SgA SQA ", "SQB TgA TQA ", "SQC TAB TQB "]
				}, 
				{
					"name":	"MineLeftBottom",
					"hcount":	3,
					"vcount":	3,
					"tiles":	["RAB RQB SAA ", "RAC TgB SAB ", "SAC RwC SAC "]
				}, 
				{
					"name":	"MineRightBottom",
					"hcount":	3,
					"vcount":	3,
					"tiles":	["RwA TAA TQA ", "RwB TwA TQB ", "RwC SAC TQA "]
				}, 
				{
					"name":	"MineGround",
					"hcount":	4,
					"vcount":	4,
					"tiles":	["FQU FQU FQU FQU ", "FQU FQU FQU FQU ", "FQU FQU FQU FQU ", "FQU FQU FQU FQU "]
				}, 
				{
					"name":	"IceMineTop",
					"hcount":	2,
					"vcount":	3,
					"tiles":	["cgS cwS ", "cgT cwT ", "cgU cwU "]
				}, 
				{
					"name":	"IceMineLeft",
					"hcount":	3,
					"vcount":	2,
					"tiles":	["bAW bQW bgW ", "bAX bQX bgX "]
				}, 
				{
					"name":	"IceMineBottom",
					"hcount":	2,
					"vcount":	3,
					"tiles":	["cgV cwV ", "cgW cwW ", "cgX cwX "]
				}, 
				{
					"name":	"IceMineRight",
					"hcount":	3,
					"vcount":	2,
					"tiles":	["bwW cAW cQW ", "bwX cAX cQX "]
				}, 
				{
					"name":	"IceMineLeftTop",
					"hcount":	3,
					"vcount":	3,
					"tiles":	["bAX cgS cwS ", "bAW aAV cwT ", "bAX bQX bgX "]
				}, 
				{
					"name":	"IceMineRightTop",
					"hcount":	3,
					"vcount":	3,
					"tiles":	["cgS cwS cgS ", "cgT agV cQW ", "cgU cAX cQX "]
				}, 
				{
					"name":	"IceMineLeftBottom",
					"hcount":	3,
					"vcount":	3,
					"tiles":	["bAW bQW cwV ", "bAX aQV cwW ", "bAW cgX cwX "]
				}, 
				{
					"name":	"IceMineRightBottom",
					"hcount":	3,
					"vcount":	3,
					"tiles":	["cgV cAW cQW ", "cgW awV cQX ", "cgX cwX cgX "]
				}, 
				{
					"name":	"road",
					"hcount":	3,
					"vcount":	4,
					"tiles":	["PQR PAR PQR ", "OgR OgR OgR ", "OgR OgR OgR ", "OgR OgR OgR "]
				}]
		}, 
		{
			"name":	"House Inside",
			"objects":	[
				{
					"name":	"Blackness",
					"hcount":	2,
					"vcount":	2,
					"tiles":	["GAH GAH ", "GAH GAH "]
				}, 
				{
					"name":	"Vase",
					"hcount":	2,
					"vcount":	2,
					"tiles":	["HAK HQK ", "HAL HQL "]
				}, 
				{
					"name":	"Barrel",
					"hcount":	2,
					"vcount":	3,
					"tiles":	["OAR OQR ", "OAS OQS ", "OAT OQT "]
				}, 
				{
					"name":	"Bed",
					"hcount":	4,
					"vcount":	5,
					"tiles":	["FAM FQM FgM FwM ", "FAN FQN FgN FwN ", "FAN FQN FgN FwN ", "FAN FQN FgN FwN ", "FAO FQO FQO FwO "]
				}, 
				{
					"name":	"Table",
					"hcount":	6,
					"vcount":	4,
					"tiles":	["GAM GQM GgM GQM GgM GwK ", "GAN GQN GgN GQN GgN GwL ", "GAN GQN GgN GQN GgN GwL ", "GAO GQO GgO GQO GgO GwM "]
				}, 
				{
					"name":	"DiningTable",
					"hcount":	6,
					"vcount":	4,
					"tiles":	["GAM GQM LwW MAW GgM GwK ", "GAN LgX LwX MAX MQX GwL ", "GAN GQN GgN GQN GgN GwL ", "GAO GQO GgO GQO GgO GwM "]
				}, 
				{
					"name":	"Meal",
					"hcount":	2,
					"vcount":	2,
					"tiles":	["TgD TwD ", "LwX MAX "]
				}, 
				{
					"name":	"Chair",
					"hcount":	2,
					"vcount":	2,
					"tiles":	["GQK GgK ", "GQL GgL "]
				}, 
				{
					"name":	"OutsideChair",
					"hcount":	3,
					"vcount":	2,
					"tiles":	["NgH NwH OAH ", "NgI NwI OAI "]
				}, 
				{
					"name":	"Shelves",
					"hcount":	6,
					"vcount":	4,
					"tiles":	["EAU EQU EgU EQU EgU EwU ", "EAV EQV EgV EQV EgV EwV ", "EAW EQW EgW EQW EgW EwW ", "EAX EQX EgX EQX EgX EwX "]
				}, 
				{
					"name":	"HouseDoorSouth",
					"hcount":	4,
					"vcount":	3,
					"tiles":	["FAT FQT FQT FgT ", "FAU FQU FQU FgU ", "FAV FQV FgV FwV "]
				}, 
				{
					"name":	"HouseGround",
					"hcount":	2,
					"vcount":	2,
					"tiles":	["HgK HwK ", "HwK HgK "]
				}, 
				{
					"name":	"HousePillarNorth",
					"hcount":	2,
					"vcount":	2,
					"tiles":	["HAM HQM ", "HAN HQN "]
				}, 
				{
					"name":	"HousePillarSouth",
					"hcount":	2,
					"vcount":	2,
					"tiles":	["Ige Iwe ", "Igf Iwf "]
				}, 
				{
					"name":	"HousePillarWest",
					"hcount":	2,
					"vcount":	2,
					"tiles":	["JAe JQe ", "JAf JQf "]
				}, 
				{
					"name":	"HousePillarEast",
					"hcount":	2,
					"vcount":	2,
					"tiles":	["IAe IQe ", "IAf IQf "]
				}, 
				{
					"name":	"Lamp",
					"hcount":	2,
					"vcount":	4,
					"tiles":	["PgY PwY ", "PgZ PwZ ", "Pga Pwa ", "Pgb Pwb "]
				}, 
				{
					"name":	"Carpet",
					"hcount":	6,
					"vcount":	6,
					"tiles":	["LAR LQR LQR LQR LQR LgR ", "LAS LQS LQS LQS LQS LgS ", "LAS LQS LQS LQS LQS LgS ", "LAS LQS LQS LQS LQS LgS ", "LAS LQS LQS LQS LQS LgS ", "LAT LQT LQT LQT LQT LgT "]
				}, 
				{
					"name":	"HouseWell",
					"hcount":	4,
					"vcount":	4,
					"tiles":	["EAQ EQQ EgQ EwQ ", "EAR EQR EgR EwR ", "EAS EQS EgS EwS ", "EAT EQT EgT EwT "]
				}, 
				{
					"name":	"WashBasin",
					"hcount":	3,
					"vcount":	5,
					"tiles":	["Igb Iwb JAb ", "Igc Iwc JAc ", "Igc Iwc JAc ", "Igc Iwc JAc ", "Igd Iwd JAd "]
				}, 
				{
					"name":	"Stove",
					"hcount":	6,
					"vcount":	3,
					"tiles":	["LQU LgU LwU MAU MQU MgU ", "LQV LgV LwV MAV MQV MgV ", "LQW LgW LgW MQW MQW MgW "]
				}, 
				{
					"name":	"KitchenGround",
					"hcount":	2,
					"vcount":	2,
					"tiles":	["MwR MgR ", "MwS MgS "]
				}, 
				{
					"name":	"MuckDeep",
					"hcount":	2,
					"vcount":	2,
					"tiles":	["RgE RwE ", "RgF RwF "]
				}, 
				{
					"name":	"HouseDoorNorth",
					"hcount":	4,
					"vcount":	3,
					"tiles":	["OAU OQU OgU OwU ", "OAV HQB HQB OwV ", "OQV HQC HQC OwW "]
				}, 
				{
					"name":	"PubTable",
					"hcount":	8,
					"vcount":	3,
					"tiles":	["MwU NAU NAU NQU NQU NAU NAU NgU ", "MwV NAV NAV NQV NQV NAV NAV NgV ", "MwW NAW NAW NAW NAW NAW NAW NwV "]
				}, 
				{
					"name":	"HouseDoorWest",
					"hcount":	3,
					"vcount":	4,
					"tiles":	["LwQ MAQ MQQ ", "LwR FQU MAR ", "LwS FQU MAR ", "LwT MAT MQT "]
				}, 
				{
					"name":	"HouseDoorEast",
					"hcount":	3,
					"vcount":	4,
					"tiles":	["MgQ MwQ NAQ ", "MQR FQU NAR ", "MQR FQU NAS ", "MgT MwT NAT "]
				}, 
				{
					"name":	"BookShelf",
					"hcount":	6,
					"vcount":	4,
					"tiles":	["NQQ NgQ NgQ NgQ NgQ NwQ ", "NQR NgR NgR NgR NgR NwR ", "NQS NgS NgS NwU NgS NwS ", "NQT NgT NgT NgT NgT NwT "]
				}, 
				{
					"name":	"ButterflyCage",
					"hcount":	2,
					"vcount":	2,
					"tiles":	["MgO MwO ", "MgP MwP "]
				}, 
				{
					"name":	"WallN",
					"hcount":	2,
					"vcount":	4,
					"tiles":	["HwL HwL ", "HwM HgM ", "HwN HgN ", "FgO FgO "]
				}, 
				{
					"name":	"WallW",
					"hcount":	4,
					"vcount":	2,
					"tiles":	["HQO HgP HwP GwN ", "HQO HgO HwO GwN "]
				}, 
				{
					"name":	"WallS",
					"hcount":	2,
					"vcount":	4,
					"tiles":	["HwT HwT ", "GwQ GgQ ", "GwR GgR ", "GgS GgS "]
				}, 
				{
					"name":	"WallE",
					"hcount":	4,
					"vcount":	2,
					"tiles":	["GgP GwP HAP HQP ", "GgP GwO HAO HQP "]
				}, 
				{
					"name":	"CornerSW",
					"hcount":	4,
					"vcount":	4,
					"tiles":	["HQO HgP HwP FAX ", "HQO HgO GQU GgQ ", "HQO GAU GwR GgR ", "FwU GgS GgS GgS "]
				}, 
				{
					"name":	"CornerSE",
					"hcount":	4,
					"vcount":	4,
					"tiles":	["FQX GwP HAP HQP ", "GwQ GgU HAO HQP ", "GwR GgR GwU HQP ", "GgS GgS GgS HAU "]
				}, 
				{
					"name":	"CornerNE",
					"hcount":	4,
					"vcount":	4,
					"tiles":	["HwL HwL HwL HAT ", "HwM HgM GwT HQP ", "HwN GgT HAP HQP ", "FQW GwO HAO HQP "]
				}, 
				{
					"name":	"CornerNW",
					"hcount":	4,
					"vcount":	4,
					"tiles":	["FwT HwL HwL HwL ", "HQO GAT HwM HgM ", "HQO HgP GQT HgN ", "HQO HgO HwO FAW "]
				}, 
				{
					"name":	"InsideCornerSW",
					"hcount":	4,
					"vcount":	4,
					"tiles":	["GgP GwP HAP ZAZ ", "GgP GwO GwT HgM ", "GgP bwb HwN HgN ", "bwd FgO FgO FgO "]
				}, 
				{
					"name":	"InsideCornerSE",
					"hcount":	4,
					"vcount":	4,
					"tiles":	["ZQZ HgP HwP GwN ", "HwM GAT HwO GwN ", "HwN HgN cAb GwN ", "FgO FgO FgO cAd "]
				}, 
				{
					"name":	"InsideCornerNE",
					"hcount":	4,
					"vcount":	4,
					"tiles":	["HwT HwT HwT cAc ", "GwQ GgQ cAa GwN ", "GwR GAU HwP GwN ", "ZQY HgO HwO GwN "]
				}, 
				{
					"name":	"InsideCornerNW",
					"hcount":	4,
					"vcount":	4,
					"tiles":	["bwc HwT HwT HwT ", "GgP bwa GwQ GgQ ", "GgP GwP GwU GgR ", "GgP GwO HAO ZAY "]
				}]
		}, 
		{
			"name":	"Castle",
			"objects":	[
				{
					"name":	"CastleCornerNW",
					"hcount":	7,
					"vcount":	7,
					"tiles":	["QAU RAV RAV RAV RAV RAV RAV ", "RAU QAW RQW RAW RQW RAW RQW ", "RAU RAX QAY RQa RAa RQa RAa ", "RAU RAY RAb QAa RwU RgU RwU ", "RAU RAX RAc RgV QAc RgZ RgZ ", "RAU RAY RAb RgW RgY QAe RgZ ", "RAU RAX RAc RgV RgY RgY RAe "]
				}, 
				{
					"name":	"CastleCornerNE",
					"hcount":	7,
					"vcount":	7,
					"tiles":	["RAV RAV RAV RAV RAV RAV QQU ", "RQW RAW RQW RAW RQW QQW RQU ", "RAa RQa RAa RQa QQY RQX RQU ", "RwU RgU RwU QQa RQb RQY RQU ", "RgZ RgZ QQc RwV RQc RQX RQU ", "RgZ QQe RwY RwW RQb RQY RQU ", "RQe RwY RwY RwV RQc RQX RQU "]
				}, 
				{
					"name":	"CastleCornerSE",
					"hcount":	7,
					"vcount":	7,
					"tiles":	["RQf RwY RwY RwW RQb RQY RQU ", "RwZ QQf RwY RwV RQc RQX RQU ", "RwZ RwZ QQd RwW RQb RQY RQU ", "RwX RgX RwX QQb RQc RQX RQU ", "RAd RQd RAd RQd QQZ RQY RQU ", "RQZ RAZ RQZ RAZ RQZ QQX RQU ", "RQV RQV RQV RQV RQV RQV QQV "]
				}, 
				{
					"name":	"CastleCornerSW",
					"hcount":	7,
					"vcount":	7,
					"tiles":	["RAU RAY RAb RgW RgY RgY RAf ", "RAU RAX RAc RgV RgY QAf RwZ ", "RAU RAY RAb RgW QAd RwZ RwZ ", "RAU RAX RAc QAb RwX RgX RwX ", "RAU RAY QAZ RQd RAd RQd RAd ", "RAU QAX RQZ RAZ RQZ RAZ RQZ ", "QAV RQV RQV RQV RQV RQV RQV "]
				}, 
				{
					"name":	"CastleWallWest",
					"hcount":	7,
					"vcount":	2,
					"tiles":	["RAU RAY RAb RgW RgY RgY Rgc ", "RAU RAX RAc RgV RgY RgY Rgc "]
				}, 
				{
					"name":	"CastleWallEast",
					"hcount":	7,
					"vcount":	2,
					"tiles":	["Rwc RwY RwY RwV RQc RQX RQU ", "Rwc RwY RwY RwW RQb RQY RQU "]
				}, 
				{
					"name":	"CastleWallNorth",
					"hcount":	2,
					"vcount":	7,
					"tiles":	["RAV RAV ", "RAW RQW ", "RQa RAa ", "RgU RwU ", "RgZ RgZ ", "RgZ RgZ ", "Rgd Rgd "]
				}, 
				{
					"name":	"CastleWallSouth",
					"hcount":	2,
					"vcount":	7,
					"tiles":	["Rwd Rwd ", "RwZ RwZ ", "RwZ RwZ ", "RgX RwX ", "RQd RAd ", "RAZ RQZ ", "RQV RQV "]
				}, 
				{
					"name":	"CastleInsideCorner NW",
					"hcount":	7,
					"vcount":	7,
					"tiles":	["QgU RAX RAb RgW RgY RgY Rgc ", "RAW QgW RAc RgV RgY RgY Rgc ", "RQa RAa QgY RgW RgY RgY Rgc ", "RwU RgU RwU Qga RgY RgY Rgc ", "RgZ RgZ RgZ RgZ Qgc RgY Rgc ", "RgZ RgZ RgZ RgZ RgZ Qge Rgc ", "Rgd Rgd Rgd Rgd Rgd Rgd Rwf "]
				}, 
				{
					"name":	"CastleInsideCorner NE",
					"hcount":	7,
					"vcount":	7,
					"tiles":	["Rwc RwY RwY RwV RQb RQY QwU ", "Rwc RwY RwY RwW RQc QwW RQW ", "Rwc RwY RwY RwV QwY RQa RAa ", "Rwc RwY RwY Qwa RwU RgU RwU ", "Rwc RwY Qwc RgZ RgZ RgZ RgZ ", "Rwc Qwe RgZ RgZ RgZ RgZ RgZ ", "Rgf Rgd Rgd Rgd Rgd Rgd Rgd "]
				}, 
				{
					"name":	"CastleInsideCorner SE",
					"hcount":	7,
					"vcount":	7,
					"tiles":	["Rge Rwd Rwd Rwd Rwd Rwd Rwd ", "Rwc Qwf RwZ RwZ RwZ RwZ RwZ ", "Rwc RwY Qwd RwZ RwZ RwZ RwZ ", "Rwc RwY RwY Qwb RwX RgX RwX ", "Rwc RwY RwY RwV QwZ RQd RAd ", "Rwc RwY RwY RwW RQb QwX RQZ ", "Rwc RwY RwY RwV RQc RQX QwV "]
				}, 
				{
					"name":	"CastleInsideCorner SW",
					"hcount":	7,
					"vcount":	7,
					"tiles":	["Rwd Rwd Rwd Rwd Rwd Rwd Rwe ", "RwZ RwZ RwZ RwZ RwZ Qgf Rgc ", "RwZ RwZ RwZ RwZ Qgd RgY Rgc ", "RwX RgX RwX Qgb RgY RgY Rgc ", "RAd RQd QgZ RgV RgY RgY Rgc ", "RQZ QgX RAb RgW RgY RgY Rgc ", "QgV RAX RAc RgV RgY RgY Rgc "]
				}, 
				{
					"name":	"CastleStairs",
					"hcount":	4,
					"vcount":	4,
					"tiles":	["SAK SQK SgK SwK ", "SAL SQL SgL SwL ", "SAM SQM SgM SwM ", "SAN SQN SgN SwN "]
				}, 
				{
					"name":	"CastleDoorNorth",
					"hcount":	4,
					"vcount":	3,
					"tiles":	["TAG TQG TQG TgG ", "SgI SwI SwI TAI ", "SgJ SwJ SwJ TAJ "]
				}, 
				{
					"name":	"CastleDoorEast",
					"hcount":	3,
					"vcount":	4,
					"tiles":	["SgG SwG TQK ", "TAN SQT TQL ", "TAN SQT TQL ", "SgH SwH TQM "]
				}, 
				{
					"name":	"CastleDoorSouth",
					"hcount":	4,
					"vcount":	3,
					"tiles":	["SAI SQS SQS SQI ", "SAJ SQT SQT SQJ ", "TAH TAH TQH TgH "]
				}, 
				{
					"name":	"CastleDoorWest",
					"hcount":	3,
					"vcount":	4,
					"tiles":	["TAK SAG SQG ", "TAL SwI TQN ", "TAL SwI TQN ", "TAM SAH SQH "]
				}, 
				{
					"name":	"CastleCurtainWest",
					"hcount":	4,
					"vcount":	2,
					"tiles":	["SgS SwS TAS TQS ", "SgT SwT TAT TQT "]
				}, 
				{
					"name":	"CastleCurtainEast",
					"hcount":	4,
					"vcount":	2,
					"tiles":	["SgU SwU TAU TQU ", "SgV SwV TAV TQV "]
				}, 
				{
					"name":	"CastlePillar",
					"hcount":	2,
					"vcount":	4,
					"tiles":	["SAY SQY ", "SAZ SQZ ", "SAa SQa ", "SAb SQb "]
				}, 
				{
					"name":	"CastlePillarNorth",
					"hcount":	2,
					"vcount":	4,
					"tiles":	["SAO SQO ", "SAP SQP ", "SAQ SQQ ", "SAR SQR "]
				}, 
				{
					"name":	"CastlePillarWest",
					"hcount":	4,
					"vcount":	2,
					"tiles":	["SgO SwO TAO TQO ", "SgP SwP TAP TQP "]
				}, 
				{
					"name":	"CastlePillarSouth",
					"hcount":	2,
					"vcount":	4,
					"tiles":	["RgO RwO ", "RgP RwP ", "RgQ RwQ ", "RgR RwR "]
				}, 
				{
					"name":	"CastlePillarEast",
					"hcount":	4,
					"vcount":	2,
					"tiles":	["SgQ SwQ TAQ TQQ ", "SgR SwR TAR TQR "]
				}, 
				{
					"name":	"CastleCarpet",
					"hcount":	2,
					"vcount":	2,
					"tiles":	["RwT RwT ", "RwT RwT "]
				}, 
				{
					"name":	"CastleCarpetBorder",
					"hcount":	1,
					"vcount":	1,
					"tiles":	["RgT "]
				}, 
				{
					"name":	"CastleFloorBlue",
					"hcount":	2,
					"vcount":	2,
					"tiles":	["Rga Rwa ", "Rgb Rwb "]
				}, 
				{
					"name":	"CastleFloorGreen",
					"hcount":	2,
					"vcount":	2,
					"tiles":	["SAe SQe ", "SAf SQf "]
				}, 
				{
					"name":	"CastleFloorRed",
					"hcount":	2,
					"vcount":	2,
					"tiles":	["SAc SQc ", "SAd SQd "]
				}, 
				{
					"name":	"CastleFloorYellow",
					"hcount":	2,
					"vcount":	2,
					"tiles":	["TgL TwL ", "TgM TwM "]
				}, 
				{
					"name":	"CastleFloorSand",
					"hcount":	2,
					"vcount":	2,
					"tiles":	["RgS RgS ", "RgS RgS "]
				}, 
				{
					"name":	"Marble",
					"hcount":	2,
					"vcount":	2,
					"tiles":	["TgJ TwJ ", "TgK TwK "]
				}, 
				{
					"name":	"BlueGround",
					"hcount":	2,
					"vcount":	2,
					"tiles":	["TgN TwN ", "TgO TwO "]
				}]
		}, 
		{
			"name":	"Snow",
			"objects":	[
				{
					"name":	"Snow",
					"hcount":	11,
					"vcount":	13,
					"tiles":	["LAW LAW LAW LAW LAW LAW LAW LAW LAW LAW LAW ", "LAW LAW LAW LAW LAW LAW LAW LAW LAW LAW LAW ", "LAW LAW LAW LAW LAW LAW LAW LAW LAW LAW LAW ", "LAW LAW LAW LAW LAW LAW LAW LAW LAW LAW LAW ", "LAW LAW LAW LAW LAW LAW LAW LAW LAW LAW LAW ", "LAW LAW LAW LAW LAW LAW LAW LAW LAW LAW LAW ", "LAW LAW LAW LAW LAW LAW LAW LAW LAW LAW LAW ", "LAW LAW LAW LAW LAW LAW LAW LAW LAW LAW LAW ", "LAW LAW LAW LAW LAW LAW LAW LAW LAW LAW LAW ", "LAW LAW LAW LAW LAW LAW LAW LAW LAW LAW LAW ", "LAW LAW LAW LAW LAW LAW LAW LAW LAW LAW LAW ", "LAW LAW LAW LAW LAW LAW LAW LAW LAW LAW LAW ", "LAW LAW LAW LAW LAW LAW LAW LAW LAW LAW LAW "]
				}, 
				{
					"name":	"SnowRooshe",
					"hcount":	2,
					"vcount":	2,
					"tiles":	["cwe dAe ", "cwf dAf "]
				}, 
				{
					"name":	"SnowSprout",
					"hcount":	2,
					"vcount":	2,
					"tiles":	["fgJ fwJ ", "fgK fwK "]
				}, 
				{
					"name":	"SnowStone",
					"hcount":	2,
					"vcount":	2,
					"tiles":	["eAI eQI ", "eAJ eQJ "]
				}, 
				{
					"name":	"SnowBomyStatue",
					"hcount":	3,
					"vcount":	3,
					"tiles":	["fgF fwF fgE ", "fgG fAH fwG ", "ewI fAI fQI "]
				}, 
				{
					"name":	"SnowTreeSmall",
					"hcount":	4,
					"vcount":	4,
					"tiles":	["dAI dQI dgI dwI ", "dAJ dQJ dgJ dwJ ", "dAK dQK dgK dwK ", "dAL dQL dgL dwL "]
				}, 
				{
					"name":	"SnowTree",
					"hcount":	8,
					"vcount":	10,
					"tiles":	["LAW MwX NAX NQX NgX NwX OAX LAW ", "MgY MwY NAY NQY NgY NwY OAY OQY ", "MgZ MwZ NAZ NQZ NgZ NwZ OAZ OQZ ", "Mga Mwa NAa NQa Nga Nwa OAa OQa ", "Mgb Mwb NAb NQb Ngb Nwb OAb OQb ", "Mgc Mwc NAc NQc Ngc Nwc OAc OQc ", "Mgd Mwd NAd NQd Ngd Nwd OAd OQd ", "Mge Mwe NAe NQe Nge Nwe OAe OQe ", "LAW Mwf NAf NQf Ngf Nwf OAf LAW ", "LAW LAW Oga Owa Ogb Owb LAW LAW "]
				}, 
				{
					"name":	"SnowChair",
					"hcount":	2,
					"vcount":	2,
					"tiles":	["dwT eQT ", "dwU eQU "]
				}, 
				{
					"name":	"SnowBench",
					"hcount":	3,
					"vcount":	2,
					"tiles":	["dwT eAT eQT ", "dwU eAU eQU "]
				}, 
				{
					"name":	"SnowTrunk",
					"hcount":	4,
					"vcount":	4,
					"tiles":	["dAM dQM dgM dwM ", "dAN dQN dgN dwN ", "dAO dQO dgO dwO ", "dAP dQP dgP dwP "]
				}, 
				{
					"name":	"SnowTrunkHole",
					"hcount":	4,
					"vcount":	4,
					"tiles":	["LAW dQE dwB LAW ", "dgE dAC dwA dgD ", "dAA eAA eQA dQD ", "LAW dAA dQD LAW "]
				}, 
				{
					"name":	"SnowSand",
					"hcount":	6,
					"vcount":	6,
					"tiles":	["LAW LAW LQX LQX LAW LAW ", "LAW KgW NwW OQW KwW LAW ", "LAV NwW MgX NwW OQX LAU ", "LAV NwW NwW OQW NwW LAU ", "LAW KgX OQW NwW KwX LAW ", "LAW LAW LAX LAX LAW LAW "]
				}, 
				{
					"name":	"SnowSign",
					"hcount":	2,
					"vcount":	2,
					"tiles":	["Owe PAe ", "Owf PAf "]
				}, 
				{
					"name":	"SnowSwamp",
					"hcount":	2,
					"vcount":	2,
					"tiles":	["SAD SQD ", "SAE SQE "]
				}, 
				{
					"name":	"SnowBridge",
					"hcount":	12,
					"vcount":	6,
					"tiles":	["PAY PQY LAW LAW LAW LAW LAW LAW LAW LAW PAY PQY ", "PAZ PQZ OgX OwX OgY OgZ OwZ OgY OwX OwY PAZ PQZ ", "PAa PQa OgX OgY OwX OwZ OgZ OwX OgY OwY PAa PQa ", "PAb PQb OgX OwX OgY OwZ OgZ OgY OwX OwY PAb PQb ", "PAc PQc OgX OgY OwX OgZ OwZ OwX OgY OwY PAc PQc ", "PAd PQd LAW LAW LAW LAW LAW LAW LAW LAW PAd PQd "]
				}, 
				{
					"name":	"SnowTownEntrance",
					"hcount":	8,
					"vcount":	7,
					"tiles":	["eAX dAX dQX dgX dQX dgX dwX eAX ", "eAY dAY dQY dgY dQY dgY dwY eAY ", "eAY dAZ dQZ eAV eQV dgZ dwZ eAY ", "eAY LAW LAW LAW LAW LAW LAW eAY ", "eAY LAW LAW LAW LAW LAW LAW eAY ", "eAY LAW LAW LAW LAW LAW LAW eAY ", "eAZ LAW LAW LAW LAW LAW LAW eAZ "]
				}, 
				{
					"name":	"SnowStake",
					"hcount":	2,
					"vcount":	2,
					"tiles":	["MAe MQe ", "MAf MQf "]
				}, 
				{
					"name":	"SnowGrass",
					"hcount":	2,
					"vcount":	2,
					"tiles":	["KAa KAb ", "KAb KQa "]
				}, 
				{
					"name":	"SnowHouse",
					"hcount":	13,
					"vcount":	14,
					"tiles":	["KgY KwY LAY LQY LQY LQY LQY LQY LQY LwY MAY MQY LAW ", "KgZ KwZ LAZ LQZ LgZ LgZ LgZ LgZ LQZ LwZ KwZ MQZ LAb ", "KgZ KwZ LAZ LgZ LgZ LgZ LgZ LgZ LgZ LwZ KwZ MQZ LAc ", "KgZ KwZ LAZ LgZ LgZ LgZ LgZ LgZ LgZ LwZ KwZ MQZ LAc ", "KgZ KwZ LAZ LgZ LgZ LgZ LgZ LgZ LgZ LwZ KwZ MQZ LAc ", "KgZ KwZ LAZ LQZ LgZ LgZ LgZ LgZ LQZ LwZ KwZ MQZ LAc ", "KgZ Kwa LAa LQa LQa LQa LQa LQa LQa MAZ Kwe MQZ LAc ", "KgZ Kwb KwZ KwZ KwZ KwZ KwZ KwZ KwZ KwZ Kwf MQZ LAc ", "Kgc Kwc KwZ KwZ Lga Lwa MAa MQa KwZ KwZ KgV KwV LAc ", "Kgd Kwd Kwd Kwd Lgb Lwb MAb MQb Kwd Kwd Kwd LQb LAc ", "Jwe KAe KQe Kge Lgc Lwc MAc MQc KAe KQe Kge LQc LAc ", "Jwf KAf KQf Kgf Lgd Lwd MAd MQd KAf KQf Kgf LQd LAd ", "LAW LAW LAW LAW LgY Jwd KAd LgY LAW LAW LAW LAW LAW ", "LAW LAW LAW LAW Jwd KAd Jwd KAd LAW LAW LAW LAW LAW "]
				}, 
				{
					"name":	"SnowPlatformEdges",
					"hcount":	14,
					"vcount":	15,
					"tiles":	["CgK DQS CgK DQS CgK DgX CQL CgL DQX CgK CgK DQS CgK DQS ", "DQS CgK DQS CgK DgX CwL CQM CgM CAL DQX DQS CgK DQS CgK ", "CgK DQS CgK DgX CwL CwM CQN CgN QX CAL DQX CgK CgK DQS ", "DQS CgK DgX CwL DgN CwN CQO CgO QY CAM CAL DQX DQS CgK ", "CgK DgX CwL CwM DgO DwO Ogc Owc Y CAN QX CAL DQX CgK ", "DgX CwL DgN CwN DgP Lwe LAW LAW Lwf QZ QY CAM CAL DQX ", "QR BwT DgO DwO Lwe LAW LAW LAW LAW Lwf Y CAN DQY BAN ", "QS gS DgP Lwe LAW LAW LAW LAW LAW LAW Lwf QZ wO BAO ", "QR gR PQe LAW LAW LAW LAW LAW LAW LAW LAW Pge wN BAN ", "QS gS PQf LAW LAW LAW LAW LAW LAW LAW LAW Pgf wO BAO ", "S gQ wQ Lge LAW LAW LAW LAW LAW LAW LQe gP wP BQL ", "CgK S gQ wQ Lge LAW LAW LAW LAW LQe gP wP BQL CgK ", "DQS CgK S gQ wQ Lge LAW LAW LQe gP wP BQL CgK DQS ", "CgK DQS CgK S gQ HQJ Ogd Owd Cgc wP BQL CgK DQS CgK ", "DQS CgK DQS CgK S DwL DgL DwL DgL BQL CgK DQS CgK DQS "]
				}, 
				{
					"name":	"SnowFences",
					"hcount":	3,
					"vcount":	2,
					"tiles":	["KQb Kga KQb ", "KAc Kgb KQc "]
				}, 
				{
					"name":	"SnowGrave",
					"hcount":	4,
					"vcount":	4,
					"tiles":	["Sgc Swc TAc TQc ", "Sgd Swd TAd TQd ", "Sge Swe TAe TQe ", "Sgf Swf TAf TQf "]
				}, 
				{
					"name":	"SnowGraveYard",
					"hcount":	2,
					"vcount":	2,
					"tiles":	["Tgd Twd ", "Tge Twe "]
				}, 
				{
					"name":	"SnowWaterHole",
					"hcount":	6,
					"vcount":	5,
					"tiles":	["Mgf SgE SAF SQF TQE Mgf ", "SgE SgF DgY DgY TQF TQE ", "SwE DgY BQf BAf DgY SwF ", "SgD SwD DgY DgY TAE TAF ", "Mgf SgD TAD TQD TAF Mgf "]
				}, 
				{
					"name":	"SnowWell",
					"hcount":	4,
					"vcount":	4,
					"tiles":	["TgZ OQH OgH TwZ ", "Tga GAH GAH Twa ", "Tga GAH GAH Twa ", "Tgb OQJ OgJ Twb "]
				}, 
				{
					"name":	"SnowGreenFences",
					"hcount":	6,
					"vcount":	3,
					"tiles":	["TgP TwG TwG TwG TwG TwP ", "TgR TwH TwH TwH TwH TwR ", "TgS TwI TwI TwI TwI TwS "]
				}, 
				{
					"name":	"SnowCastleCornerNW",
					"hcount":	7,
					"vcount":	7,
					"tiles":	["bAM cAN cAN cAN cAN cAN cAN ", "cAM bAO cQO cAO cQO cAO cQO ", "cAM cAP bAQ cQS cAS cQS cAS ", "cAM cAQ cAT bAS bQE bAE bQE ", "cAM cAP cAU bAF bAU bAJ bAJ ", "cAM cAQ cAT bAG bAI bAU bAJ ", "cAM cAP cAU bAF bAI bAI cgQ "]
				}, 
				{
					"name":	"SnowCastleCornerNE",
					"hcount":	7,
					"vcount":	7,
					"tiles":	["cAN cAN cAN cAN cAN cAN bQM ", "cQO cAO cQO cAO cQO bQO cQM ", "cAS cQS cAS cQS bQQ cQP cQM ", "bQE bAE bQE bQS cQT cQQ cQM ", "bAJ bAJ bQU bQF cQU cQP cQM ", "bAJ bQU bQI bQG cQT cQQ cQM ", "cwQ bQI bQI bQF cQU cQP cQM "]
				}, 
				{
					"name":	"SnowCastleCornerSE",
					"hcount":	7,
					"vcount":	7,
					"tiles":	["cwR bQI bQI bQG cQT cQQ cQM ", "bQJ bQV bQI bQF cQU cQP cQM ", "bQJ bQJ bQV bQG cQT cQQ cQM ", "bAH bQH bAH bQT cQU cQP cQM ", "cQV cAV cQV cAV bQR cQQ cQM ", "cQR cAR cQR cAR cQR bQP cQM ", "cQN cQN cQN cQN cQN cQN bQN "]
				}, 
				{
					"name":	"SnowCastleCornerSW",
					"hcount":	7,
					"vcount":	7,
					"tiles":	["cAM cAQ cAT bAG bAI bAI cgR ", "cAM cAP cAU bAF bAI bAV bQJ ", "cAM cAQ cAT bAG bAV bQJ bQJ ", "cAM cAP cAU bAT bAH bQH bAH ", "cAM cAQ bAR cAV cQV cAV cQV ", "cAM bAP cQR cAR cQR cAR cQR ", "bAN cQN cQN cQN cQN cQN cQN "]
				}, 
				{
					"name":	"SnowCastleWallWest",
					"hcount":	7,
					"vcount":	2,
					"tiles":	["cAM cAQ cAT bAG bAI bAI cgM ", "cAM cAP cAU bAF bAI bAI cgM "]
				}, 
				{
					"name":	"SnowCastleWallEast",
					"hcount":	7,
					"vcount":	2,
					"tiles":	["cwM bQI bQI bQF cQU cQP cQM ", "cwM bQI bQI bQG cQT cQQ cQM "]
				}, 
				{
					"name":	"SnowCastleWallNorth",
					"hcount":	2,
					"vcount":	7,
					"tiles":	["cAN cAN ", "cAO cQO ", "cQS cAS ", "bAE bQE ", "bAJ bAJ ", "bAJ bAJ ", "cgN cgN "]
				}, 
				{
					"name":	"SnowCastleWallSouth",
					"hcount":	2,
					"vcount":	7,
					"tiles":	["cwN cwN ", "bQJ bQJ ", "bQJ bQJ ", "bQH bAH ", "cAV cQV ", "cAR cQR ", "cQN cQN "]
				}, 
				{
					"name":	"SnowCastleInsideCornerNW",
					"hcount":	7,
					"vcount":	7,
					"tiles":	["bgM cAP cAU bAG bAI bAI cgM ", "cAO bgO cAT bAF bAI bAI cgM ", "cAS cQS bgQ bAG bAI bAI cgM ", "bQE bAE bQE bgS bAI bAI cgM ", "bAJ bAJ bAJ bAJ bgU bAI cgM ", "bAJ bAJ bAJ bAJ bAJ bgU cgM ", "cgN cgN cgN cgN cgN cgN cwP "]
				}, 
				{
					"name":	"SnowCastleInsideCornerNE",
					"hcount":	7,
					"vcount":	7,
					"tiles":	["cwM bQI bQI bQF cQU cQQ bwM ", "cwM bQI bQI bQG cQT bwO cQO ", "cwM bQI bQI bQF bwQ cQS cAS ", "cwM bQI bQI bwS bQE bAE bQE ", "cwM bQI bwU bAJ bAJ bAJ bAJ ", "cwM bwU bAJ bAJ bAJ bAJ bAJ ", "cgP cgN cgN cgN cgN cgN cgN "]
				}, 
				{
					"name":	"SnowCastleInsideCornerSE",
					"hcount":	7,
					"vcount":	7,
					"tiles":	["cgO cwN cwN cwN cwN cwN cwN ", "cwM bwV bQJ bQJ bQJ bQJ bQJ ", "cwM bQI bwV bQJ bQJ bQJ bQJ ", "cwM bQI bQI bwT bQH bAH bQH ", "cwM bQI bQI bQF bwR cQV cAV ", "cwM bQI bQI bQG cQT bwP cQR ", "cwM bQI bQI bQF cQU cQP bwN "]
				}, 
				{
					"name":	"SnowCastleInsideCornerSW",
					"hcount":	7,
					"vcount":	7,
					"tiles":	["cwN cwN cwN cwN cwN cwN cwO ", "bQJ bQJ bQJ bQJ bQJ bgV cgM ", "bQJ bQJ bQJ bQJ bgV bAI cgM ", "bQH bAH bQH bgT bAI bAI cgM ", "cQV cAV bgR bAF bAI bAI cgM ", "cQR bgP cAT bAG bAI bAI cgM ", "bgN cAP cAU bAF bAI bAI cgM "]
				}, 
				{
					"name":	"SnowCastleStairs",
					"hcount":	4,
					"vcount":	4,
					"tiles":	["aAc aQc agc awc ", "aAd aQd agd awd ", "aAe aQe age awe ", "aAf aQf agf awf "]
				}, 
				{
					"name":	"SnowCastleDoorNorth",
					"hcount":	4,
					"vcount":	3,
					"tiles":	["cAA cQA cQA cgA ", "awT SwI SwI cwA ", "awU Zgb Zgb cwB "]
				}, 
				{
					"name":	"SnowCastleDoorEast",
					"hcount":	3,
					"vcount":	4,
					"tiles":	["bgA bwA awJ ", "agM SQT awK ", "agM SQT awL ", "bgB bwB awL "]
				}, 
				{
					"name":	"SnowCastleDoorSouth",
					"hcount":	4,
					"vcount":	3,
					"tiles":	["bAK aQM aQM bQK ", "bAL SQT SQT bQL ", "cAB cQB cQB cgB "]
				}, 
				{
					"name":	"SnowCastleDoorWest",
					"hcount":	3,
					"vcount":	4,
					"tiles":	["agJ bAA bQA ", "agK SwI awM ", "agK SwI awM ", "agL bAB bQB "]
				}, 
				{
					"name":	"SnowCastleCurtainWest",
					"hcount":	4,
					"vcount":	2,
					"tiles":	["cAK cQK cgK cwK ", "cAL cQL cgL cwL "]
				}, 
				{
					"name":	"SnowCastleCurtainEast",
					"hcount":	4,
					"vcount":	2,
					"tiles":	["cAE cQE cgE cwE ", "cAF cQF cgF cwF "]
				}, 
				{
					"name":	"SnowCastlePillar",
					"hcount":	2,
					"vcount":	4,
					"tiles":	["bgI bwI ", "bgJ bwJ ", "bgK bwK ", "bgL bwL "]
				}, 
				{
					"name":	"SnowCastlePillarNorth",
					"hcount":	2,
					"vcount":	4,
					"tiles":	["cgG cwG ", "cgH cwH ", "cgI cwI ", "cgJ cwJ "]
				}, 
				{
					"name":	"SnowCastlePillarWest",
					"hcount":	4,
					"vcount":	2,
					"tiles":	["bAC bQC bgC bwC ", "bAD bQD bgD bwD "]
				}, 
				{
					"name":	"SnowCastlePillarSouth",
					"hcount":	2,
					"vcount":	4,
					"tiles":	["cAG cQG ", "cAH cQH ", "cAI cQI ", "cAJ cQJ "]
				}, 
				{
					"name":	"SnowCastlePillarEast",
					"hcount":	4,
					"vcount":	2,
					"tiles":	["cAC cQC cgC cwC ", "cAD cQD cgD cwD "]
				}, 
				{
					"name":	"SnowCastleFloorSand",
					"hcount":	2,
					"vcount":	2,
					"tiles":	["aAL aAL ", "aAL aAL "]
				}]
		}, 
		{
			"name":	"Volcano",
			"objects":	[
				{
					"name":	"VolcanoObisidan Ground",
					"hcount":	2,
					"vcount":	2,
					"tiles":	["WAH WAH ", "WAH WAH "]
				}, 
				{
					"name":	"VolcanoAsh Ground",
					"hcount":	2,
					"vcount":	2,
					"tiles":	["WwK WwK ", "WwK WwK "]
				}, 
				{
					"name":	"VolcanoAsh Ground 2",
					"hcount":	2,
					"vcount":	2,
					"tiles":	["WgK XQS ", "XQS WgK "]
				}, 
				{
					"name":	"VolcanoObsidian Crystals",
					"hcount":	2,
					"vcount":	1,
					"tiles":	["UAA UQA "]
				}, 
				{
					"name":	"VolcanoHot Ground",
					"hcount":	2,
					"vcount":	2,
					"tiles":	["YAL YQL ", "YAM YQM "]
				}, 
				{
					"name":	"VolcanoLava Flower",
					"hcount":	1,
					"vcount":	1,
					"tiles":	["UAB "]
				}, 
				{
					"name":	"VolcanoCrystal Post",
					"hcount":	1,
					"vcount":	2,
					"tiles":	["UQB ", "UQC "]
				}, 
				{
					"name":	"VolcanoCrystal Post Down",
					"hcount":	1,
					"vcount":	2,
					"tiles":	["UQB ", "UAC "]
				}, 
				{
					"name":	"VolcanoCrystal Post Connector",
					"hcount":	1,
					"vcount":	2,
					"tiles":	["UAG ", "UAH "]
				}, 
				{
					"name":	"VolcanoWalk Stone",
					"hcount":	2,
					"vcount":	1,
					"tiles":	["UAD UQD "]
				}, 
				{
					"name":	"VolcanoBush",
					"hcount":	2,
					"vcount":	2,
					"tiles":	["UgA UwA ", "UgB UwB "]
				}, 
				{
					"name":	"VolcanoSign",
					"hcount":	2,
					"vcount":	2,
					"tiles":	["YgF YwF ", "YgG YwG "]
				}, 
				{
					"name":	"VolcanoBlack Rock",
					"hcount":	2,
					"vcount":	2,
					"tiles":	["UgC UwC ", "UgD UwD "]
				}, 
				{
					"name":	"VolcanoHouse",
					"hcount":	13,
					"vcount":	14,
					"tiles":	["UAE UQE UgE UwE UwE UwE UwE UwE UwE VQE VgE VwE Xwf ", "UAF UQF UgF UwF VAF VAF VAF VAF UwF VQF UQF VwF UgH ", "UAF UQF UgF VAF VAF VAF VAF VAF VAF VQF UQF VwF UgI ", "UAF UQF UgF VAF VAF VAF VAF VAF VAF VQF UQF VwF UgI ", "UAF UQF UgF VAF VAF VAF VAF VAF VAF VQF UQF VwF UgI ", "UAF UQF UgF UwF VAF VAF VAF VAF UwF VQF UQF VwF UgI ", "UAF UQG UgG UwG UwG UwG UwG UwG UwG VgF VAK VwF UgI ", "UAF UQH UQF UQF UQF UQF UQF UQF UQF UQF VAL VwF UgI ", "UAI UQI UQF UQF VAG VQG VgG VwG UQF UQF VAM VwF UgI ", "UAJ UQJ UQJ UQJ VAH VQH VgH VwH UQJ UQJ UQJ UwH UgI ", "UAK UQK UgK UwK VAI VQI VgI VwI UQK UgK UwK UwI UgI ", "UAL UQL UgL UwL VAJ VQJ VgJ VwJ UQL UgL UwL UwJ UgJ ", "Xwf Xwf Xwf Xwf VAE UAD UQD VAE Xwf Xwf Xwf Xwf Xwf ", "Xwf Xwf Xwf Xwf UAD UQD UAD UQD Xwf Xwf Xwf Xwf Xwf "]
				}, 
				{
					"name":	"VolcanoHouse 2",
					"hcount":	13,
					"vcount":	14,
					"tiles":	["ZQb ZAb ZAb ZAb ZAb ZAb ZAb ZAb ZAb ZAb ZAb ZQe Xwf ", "ZQc Ywd Ygd Ywd Ygd Ywd Ygd Ywd Ygd Ywd Ygd ZQf UgH ", "ZQc Ywd Ygd Ywd Ygd Ywd Ygd Ywd Ygd Ywd Ygd ZQf UgI ", "ZQc Ywd Ygd Ywd Ygd Ywd Ygd Ywd Ygd Ywd Ygd ZQf UgI ", "ZQc Ywd Ygd Ywd Ygd Ywd Ygd Ywd Ygd Ywd Ygd ZQf UgI ", "ZQc Ywd Ygd Ywd Ygd Ywd Ygd Ywd Ygd Ywd Ygd ZQf UgI ", "ZQc Ywd Ygd Ywd Ygd Ywd Ygd Ywd Ygd Ywd Ygd ZQf UgI ", "ZQc Ywd Ygd Ywd Ygd Ywd Ygd Ywd Ygd Ywd Ygd ZQf UgI ", "ZQd Ywd Ygd Ywd YAb YQb YAc YQc Ygd Ywd Ygd ZQf UgI ", "YAd YQd YQd YQd VAH VQH VgH VwH YQd YQd YQd ZAd UgI ", "YAe YQe Yge Ywe VAI VQI VgI VwI YQe Yge Ywe ZAe UgI ", "YAf YQf Ygf Ywf VAJ VQJ VgJ VwJ YQf Ygf Ywf ZAf UgJ ", "Xwf Xwf Xwf Xwf VAE UAD UQD VAE Xwf Xwf Xwf Xwf Xwf ", "Xwf Xwf Xwf Xwf UAD UQD UAD UQD Xwf Xwf Xwf Xwf Xwf "]
				}, 
				{
					"name":	"VolcanoLamp",
					"hcount":	2,
					"vcount":	4,
					"tiles":	["Zgc Zwc ", "Zgd Zwd ", "Zge Zwe ", "Zgf Zwf "]
				}, 
				{
					"name":	"VolcanoGrey Stone",
					"hcount":	6,
					"vcount":	8,
					"tiles":	["WAH XwU XAU XQU XAW WAH ", "XwU XwV XAV XQV WwW XAW ", "XgV XQV XQV XAV XQV XQW ", "XgV XQV XAV XQV Wwe XAX ", "XgV XQV XQV Wwe Wwf XAY ", "XgV XQV Wwe Wwf XAY WAH ", "WQa Wwc Wwf XAY WAH WAH ", "WgY Wwd XAY WAH WAH WAH "]
				}, 
				{
					"name":	"VolcanoRock Boulder",
					"hcount":	4,
					"vcount":	4,
					"tiles":	["UgW UwW VAW VQW ", "UgX UwX VAX VQX ", "UgY UwY VAY VQY ", "UgZ UwZ VAZ VQZ "]
				}, 
				{
					"name":	"VolcanoPost",
					"hcount":	2,
					"vcount":	2,
					"tiles":	["WgU WwU ", "WgV WwV "]
				}, 
				{
					"name":	"VolcanoLava Rock",
					"hcount":	2,
					"vcount":	2,
					"tiles":	["VgU VwU ", "VgV VwV "]
				}, 
				{
					"name":	"VolcanoCrystal & Ash Powder",
					"hcount":	2,
					"vcount":	2,
					"tiles":	["VAa VQa ", "VAb VQb "]
				}, 
				{
					"name":	"VolcanoCrystal & Ash Powder 2",
					"hcount":	2,
					"vcount":	2,
					"tiles":	["WAe WQe ", "WAf WQf "]
				}, 
				{
					"name":	"VolcanoPlatform Up",
					"hcount":	2,
					"vcount":	4,
					"tiles":	["XgJ XwJ ", "XgK XwK ", "XgL XwL ", "WAK WAK "]
				}, 
				{
					"name":	"VolcanoPlatform NorthWest",
					"hcount":	6,
					"vcount":	6,
					"tiles":	["WAH WAH WAH WAH VgM XgJ ", "WAH WAH WAH UAP VgN XgK ", "WAH WAH UAP VgN VQR UwP ", "WAH UAP VgN VQR UwP WAW ", "UAP VgN VQR UwP WAW WQW ", "VgN VQR UwP WAW WQW WAH "]
				}, 
				{
					"name":	"VolcanoPlatform NorthEast",
					"hcount":	6,
					"vcount":	6,
					"tiles":	["XwJ XQM WAH WAH WAH WAH ", "XwK XQN VQQ WAH WAH WAH ", "UgQ UwQ XQN VQQ WAH WAH ", "WQY UgQ UwQ XQN VQQ WAH ", "WAY WQY UgQ UwQ XQN VQQ ", "WAH WAY WQY UgQ UwQ XQN "]
				}, 
				{
					"name":	"VolcanoPlatform East",
					"hcount":	4,
					"vcount":	2,
					"tiles":	["UAR UQR UgR UwR ", "UAR UQS UgS UwS "]
				}, 
				{
					"name":	"VolcanoPlatform West",
					"hcount":	4,
					"vcount":	2,
					"tiles":	["UgN UwN VAN VQN ", "UgO UwO VAO VQN "]
				}, 
				{
					"name":	"VolcanoPlatform South",
					"hcount":	2,
					"vcount":	6,
					"tiles":	["WQK WQK ", "WQL WgL ", "WQM WgM ", "WQN WgN ", "WQO WgO ", "WQP WgP "]
				}, 
				{
					"name":	"VolcanoPlatform East",
					"hcount":	3,
					"vcount":	8,
					"tiles":	["WAH XAO XQO ", "XAO XAP XQP ", "XAP XAK XQK ", "WwL XAL XQL ", "WwM XAM WAH ", "WwN XAN WAH ", "WwO WAH WAH ", "XAN WAH WAH "]
				}, 
				{
					"name":	"VolcanoAsh Platform North",
					"hcount":	2,
					"vcount":	6,
					"tiles":	["XgJ XwJ ", "XwI XwI ", "XgK XwK ", "WAJ WQJ ", "WAI VQO ", "WgK WgK "]
				}, 
				{
					"name":	"VolcanoAsh Platform West",
					"hcount":	6,
					"vcount":	2,
					"tiles":	["UgN UwN VAR UwN VAN WgK ", "UgO UwO VAS UwO VAO WgK "]
				}, 
				{
					"name":	"VolcanoAsh Platform East",
					"hcount":	6,
					"vcount":	2,
					"tiles":	["WgK UQR UgR Wga UgR XwM ", "WgK UQS UgS Wgb UgS XwN "]
				}, 
				{
					"name":	"VolcanoAsh Projection",
					"hcount":	10,
					"vcount":	6,
					"tiles":	["UAW UQW WAL WwK WgK WgK WwK WwL XgM XwM ", "UAX WAN WAM WAL WQL WgL WwL WwM WwN XwN ", "UAZ UAY WAN WAM WQM WgM WwM WwN XwO XwP ", "WAH UAZ UQZ WAN WQN WgN WwN XwO XwP WAH ", "WAH WAH UAZ UQZ WQO WgO XgP XwP WAH WAH ", "WAH WAH WAH UAZ WQP WgP XwP WAH WAH WAH "]
				}, 
				{
					"name":	"VolcanoCave",
					"hcount":	4,
					"vcount":	4,
					"tiles":	["ZAF ZQF ZgF ZwF ", "ZAG awA awA ZwG ", "ZAH awA awA ZwH ", "ZAI ZQI ZgI ZwI "]
				}, 
				{
					"name":	"LavaPool",
					"hcount":	6,
					"vcount":	6,
					"tiles":	["WwK WwK YQA YgA WwK WwK ", "WwK aQA YQB YgB agA WwK ", "ZwA aAA ZwM UwT ZQA ZgA ", "ZwB aAB YgC WAS ZQB ZgB ", "WwK aQB YwA ZAA agB WwK ", "WwK WwK YwB ZAB WwK WwK "]
				}, 
				{
					"name":	"LavaPool Small",
					"hcount":	6,
					"vcount":	5,
					"tiles":	["WAH Vgb VAc VQc Vwd WAH ", "Vgb Vgc XgY XgY Vwe Vwd ", "VAd XgY VQf VAf XgY Wwb ", "Vga VgZ XgY XgY Vwb Vwc ", "WAH Vga Vgf Vwf Vwc WAH "]
				}, 
				{
					"name":	"LavaDeep",
					"hcount":	4,
					"vcount":	4,
					"tiles":	["WAc WAd WQd XwY ", "WAa UwU VAU WwZ ", "WAb UgU UgV Wwa ", "WQc WAZ WQZ WQb "]
				}, 
				{
					"name":	"LavaRock",
					"hcount":	2,
					"vcount":	2,
					"tiles":	["VQd Vgd ", "VQe Vge "]
				}, 
				{
					"name":	"LavaBubble Big",
					"hcount":	2,
					"vcount":	1,
					"tiles":	["UwU VAU "]
				}, 
				{
					"name":	"LavaSmall Bubble",
					"hcount":	1,
					"vcount":	1,
					"tiles":	["UgV "]
				}, 
				{
					"name":	"LavaFalls",
					"hcount":	10,
					"vcount":	6,
					"tiles":	["YwM ZAM YwM ZAM YwM ZAM YwM ZAM YwM ZAM ", "YgD YwD ZAD YwD ZAD YwD ZAD YwD ZAD YwE ", "ZQD ZgD ZwD aAD ZwD aAD ZwD aAD ZAE ZQE ", "UgS aQD ZwD aAD ZwD aAD ZwD aAD ZgE YAD ", "UgR YAE YQE YgE YQE YgE YQE YgE ZwE YAC ", "UgS VwR WAR WQR aQC agC XQd Xgd Xwd YAD "]
				}, 
				{
					"name":	"LavaNorth",
					"hcount":	2,
					"vcount":	9,
					"tiles":	["aAG aQG ", "aAH aQH ", "WQL WgL ", "WQM WgM ", "WQN WgN ", "WQO WgO ", "aAI aQI ", "aAJ aQJ ", "aAK aQK "]
				}, 
				{
					"name":	"LavaNorthWest",
					"hcount":	8,
					"vcount":	10,
					"tiles":	["WAH WAH WAH WAH WAH WAH WAH XAO ", "WAH WAH WAH WAH WAH WAH XAO XAP ", "WAH WAH WAH WAH WAH XAO XAP WwL ", "WAH WAH WAH WAH XAO XAP WwL XgN ", "WAH WAH WAH XAO XAP WwL WwM XgO ", "WAH WAH XAO XAP WwL XgN WwN XwO ", "WAH XAO XAP WwL WwM XgO XgP VgS ", "XAO XAP WwL XgN WwN XwO VgS VwS ", "UAR UQR VwT XgO XgP VgS VwS WAS ", "UAR UQS UgS XwO VgS VwS WAS UgU "]
				}, 
				{
					"name":	"LavaNorthEast",
					"hcount":	8,
					"vcount":	11,
					"tiles":	["ZwC WAH WAH WAH WAH WAH WAH WAH ", "ZgC ZwC WAH WAH WAH WAH WAH WAH ", "ZQC ZgC ZwC WAH WAH WAH WAH WAH ", "UwQ ZQC ZgC ZwC WAH WAH WAH WAH ", "UgQ UwQ ZQC ZgC ZwC WAH WAH WAH ", "UQY UgQ UwQ ZQC ZgC ZwC WAH WAH ", "UAY UQY UgQ UwQ ZQC ZgC ZwC WAH ", "ZAC UAY UQY UgQ UwQ ZQC ZgC ZwC ", "YwC ZAC UAY UQY UgQ UwQ ZQC ZgC ", "YgC YwC ZAC UAY UQY XQY YQC awF ", "UgU YgC YwC ZAC UAY YAD YQD awG "]
				}, 
				{
					"name":	"LavaEast",
					"hcount":	6,
					"vcount":	2,
					"tiles":	["XQc Xgc Xwc UwN VAN ZwK ", "XQd Xgd Xwd UwO VAO ZwJ "]
				}, 
				{
					"name":	"LavaWest",
					"hcount":	6,
					"vcount":	2,
					"tiles":	["VgQ UQR UgR VwQ WAQ WQQ ", "VgR UQS UgS VwR WAR WQR "]
				}, 
				{
					"name":	"LavaNE Turn",
					"hcount":	7,
					"vcount":	4,
					"tiles":	["XQd Xgd Xwd UwO ZQC ZgC ZwC ", "XQc Xgc Xwc UQW WAL ZQC ZgC ", "XQd Xgd Xwd WAN UQX WAL ZQC ", "YgC YwC ZAC UAY UQY UQX WAL "]
				}, 
				{
					"name":	"LavaSouthEast",
					"hcount":	7,
					"vcount":	7,
					"tiles":	["ZwM aAM aAC VQR UwP agD agE ", "aAM aAC VQR UwP agD agE agF ", "aAC VQR UwP agD agE agF WAH ", "VQR UwP agD agE agF WAH WAH ", "WAI agD agE agF WAH WAH WAH ", "WgS aAE agF WAH WAH UAA UQA ", "WQT agF WAH WAH WAH WAH WAH "]
				}, 
				{
					"name":	"LavaSouth",
					"hcount":	2,
					"vcount":	6,
					"tiles":	["XgQ XwQ ", "XgR XwR ", "XgS XwS ", "XgL XwL ", "WQS WgS ", "WQT WgT "]
				}, 
				{
					"name":	"LavaSW Sliver",
					"hcount":	2,
					"vcount":	9,
					"tiles":	["UwT UgU ", "UgT UwT ", "UQT UgT ", "UwQ UQT ", "UgQ UwQ ", "UAT UgQ ", "WgQ UAT ", "WgR WgQ ", "WAH WgR "]
				}, 
				{
					"name":	"LavaBridge East/West",
					"hcount":	5,
					"vcount":	5,
					"tiles":	["aAN agN agN agN awN ", "aAO aQO agO aQO awO ", "ZwP awP awP awP awP ", "aAQ agN agN agN aQQ ", "aAP aQP agP aQP agQ "]
				}, 
				{
					"name":	"LavaBridge North/South",
					"hcount":	7,
					"vcount":	5,
					"tiles":	["awQ ZwR aAR aQR aQR agS agR ", "awR ZwT aAT aQR aQR ZwS aQT ", "awR ZwS aAS aQR aQR ZwS aQS ", "awR ZwT aAT aQR aQR ZwS aQT ", "awS ZwU aAU ZwV ZwV agT aQU "]
				}, 
				{
					"name":	"LavaPlatform",
					"hcount":	4,
					"vcount":	4,
					"tiles":	["ZgX ZwX aAX aQX ", "ZgY ZwY aAY aQY ", "ZgZ ZwZ aAZ aQZ ", "Zga Zwa aAa aQa "]
				}]
		}]
}